<grammar version="1.0" xml:lang="fr-FR" mode="voice" root="ruleVM201" xmlns="http://www.w3.org/2001/06/grammar" tag-format="semantics/1.0">
  <rule id="ruleVM201" scope="public">
    <example>Sarah allume le couloir</example>
    <tag>out.action=new Object(); </tag>

    <item>Sarah</item>
	
    <one-of>
      <item> Enclenche <tag>out.action.commande="on";</tag></item>
      <item> Ouvre <tag>out.action.commande="on";</tag></item>
      <item> Ouvrir <tag>out.action.commande="on";</tag></item>
      <item> Peux-tu ouvrir <tag>out.action.commande="on";</tag></item>
      <item> Allume <tag>out.action.commande="on";</tag></item>
      <item> Allumer <tag>out.action.commande="on";</tag></item>
      <item> Peux-tu allumer <tag>out.action.commande="on";</tag></item>
      <item> Commande <tag>out.action.commande="on";</tag></item>
	  	<item> Active <tag>out.action.commande="on";</tag></item>

      <item> Ferme <tag>out.action.commande="off";</tag></item>
      <item> Fermer <tag>out.action.commande="off";</tag></item>
      <item> Peux-tu fermer <tag>out.action.commande="off";</tag></item>
      <item> Eteins <tag>out.action.commande="off";</tag></item>
      <item> Eteindre <tag>out.action.commande="off";</tag></item>
      <item> Peux-tu eteindre <tag>out.action.commande="off";</tag></item>
	  	<item> Désactive <tag>out.action.commande="off";</tag></item>
	  	<item> Coupe <tag>out.action.commande="off";</tag></item>
	  	<item> Arrête <tag>out.action.commande="off";</tag></item>

      <item> Comment est <tag>out.action.commande="etat";</tag></item>
      <item> Comment sont <tag>out.action.commande="etat";</tag></item>
      <item> Donnes l'etat <tag>out.action.commande="etat";</tag></item>
      <item> Donnes moi l'etat <tag>out.action.commande="etat";</tag></item>
      <item> Donnes moi <tag>out.action.commande="etat";</tag></item>
      <item> Quel est l'etat <tag>out.action.commande="etat";</tag></item>
      <item> Dis moi <tag>out.action.commande="etat";</tag></item>

	  	<item> Comment fonctionne le pluguine VM201<tag>out.action.commande="info";</tag></item>
	  	<item> Comment marche le pluguine VM201<tag>out.action.commande="info";</tag></item>
	  	<item> Infos sur le pluguine VM201<tag>out.action.commande="info";</tag></item>	
      <item> Affiche la doc de la VM201<tag>out.action.commande="doc";</tag></item>
      <item> Affiche la documentation de la VM201<tag>out.action.commande="doc";</tag></item>
      <item> Affiche les commandes VM201<tag>out.action.commande="cde";</tag></item>
      <item> Affiche la liste des commandes VM201<tag>out.action.commande="cde";</tag></item>
    </one-of>

    <item repeat="0-1">
      <one-of>
        <item> le </item>
        <item> les </item>
        <item> la </item>
        <item> du </item>
        <item> de la </item>
        <item> de l'</item>
        <item> de </item>
        <item> des </item>
      </one-of>
    </item>

    <item repeat="0-1">
    <!-- Ne pas modifier ces lignes § -->

		<one-of>
			<item>Couloir<tag>out.action.tmp="0";out.action.key="0";</tag></item>
			<item>Cuisine<tag>out.action.tmp="0";out.action.key="1";</tag></item>
			<item>Relais 3<tag>out.action.tmp="0";out.action.key="2";</tag></item>
			<item>Relais 4<tag>out.action.tmp="0";out.action.key="3";</tag></item>
			<item>Relais 5<tag>out.action.tmp="0";out.action.key="4";</tag></item>
			<item>Relais 6<tag>out.action.tmp="0";out.action.key="5";</tag></item>
			<item>Relais 7<tag>out.action.tmp="0";out.action.key="6";</tag></item>
			<item>Relais 8<tag>out.action.tmp="0";out.action.key="7";</tag></item>
			<item>Tampo Couloir<tag>out.action.tmp="1";out.action.key="0";</tag></item>
			<item>Tampo Cuisine<tag>out.action.tmp="1";out.action.key="1";</tag></item>
			<item>Tampo Relais 3<tag>out.action.tmp="1";out.action.key="2";</tag></item>
			<item>Tampo Relais 4<tag>out.action.tmp="1";out.action.key="3";</tag></item>
			<item>Tampo Relais 5<tag>out.action.tmp="1";out.action.key="4";</tag></item>
			<item>Tampo Relais 6<tag>out.action.tmp="1";out.action.key="5";</tag></item>
			<item>Tampo Relais 7<tag>out.action.tmp="1";out.action.key="6";</tag></item>
			<item>Tampo Relais 8<tag>out.action.tmp="1";out.action.key="7";</tag></item>
			<item>Temporisation Couloir<tag>out.action.tmp="1";out.action.key="0";</tag></item>
			<item>Temporisation Cuisine<tag>out.action.tmp="1";out.action.key="1";</tag></item>
			<item>Temporisation Relais 3<tag>out.action.tmp="1";out.action.key="2";</tag></item>
			<item>Temporisation Relais 4<tag>out.action.tmp="1";out.action.key="3";</tag></item>
			<item>Temporisation Relais 5<tag>out.action.tmp="1";out.action.key="4";</tag></item>
			<item>Temporisation Relais 6<tag>out.action.tmp="1";out.action.key="5";</tag></item>
			<item>Temporisation Relais 7<tag>out.action.tmp="1";out.action.key="6";</tag></item>
			<item>Temporisation Relais 8<tag>out.action.tmp="1";out.action.key="7";</tag></item>
			<item>Temporisateur Couloir<tag>out.action.tmp="1";out.action.key="0";</tag></item>
			<item>Temporisateur Cuisine<tag>out.action.tmp="1";out.action.key="1";</tag></item>
			<item>Temporisateur Relais 3<tag>out.action.tmp="1";out.action.key="2";</tag></item>
			<item>Temporisateur Relais 4<tag>out.action.tmp="1";out.action.key="3";</tag></item>
			<item>Temporisateur Relais 5<tag>out.action.tmp="1";out.action.key="4";</tag></item>
			<item>Temporisateur Relais 6<tag>out.action.tmp="1";out.action.key="5";</tag></item>
			<item>Temporisateur Relais 7<tag>out.action.tmp="1";out.action.key="6";</tag></item>
			<item>Temporisateur Relais 8<tag>out.action.tmp="1";out.action.key="7";</tag></item>
			<item>Entrée<tag>out.action.tmp="0";out.action.key="8";</tag></item>
			<item>Toutes les tampo<tag>out.action.tmp="1";out.action.key="-1";</tag></item>
			<item>Toutes les temporisations<tag>out.action.tmp="1";out.action.key="-1";</tag></item>
			<item>Toutes les temporisateurs<tag>out.action.tmp="1";out.action.key="-1";</tag></item>
  	  <item>Tous les relais<tag>out.action.tmp="0";out.action.key="-1";</tag></item>
  	  <item>Toutes les sorties<tag>out.action.tmp="0";out.action.key="-1";</tag></item>
  	  <item>Tous les etats<tag>out.action.tmp="0";out.action.key="-1";</tag></item>
		</one-of>

		<!-- § Ne pas modifier ces lignes -->
    </item>

    <tag>out.action._attributes.uri="http://127.0.0.1:8080/sarah/vm201";</tag>
  </rule>
</grammar>
             